/*
SQLyog Ultimate v10.00 Beta1
MySQL - 5.7.23 : Database - code_generate
*********************************************************************
*/

/*!40101 SET NAMES utf8 */;

/*!40101 SET SQL_MODE=''*/;

/*!40014 SET @OLD_UNIQUE_CHECKS=@@UNIQUE_CHECKS, UNIQUE_CHECKS=0 */;
/*!40014 SET @OLD_FOREIGN_KEY_CHECKS=@@FOREIGN_KEY_CHECKS, FOREIGN_KEY_CHECKS=0 */;
/*!40101 SET @OLD_SQL_MODE=@@SQL_MODE, SQL_MODE='NO_AUTO_VALUE_ON_ZERO' */;
/*!40111 SET @OLD_SQL_NOTES=@@SQL_NOTES, SQL_NOTES=0 */;
CREATE DATABASE /*!32312 IF NOT EXISTS*/`code_generate` /*!40100 DEFAULT CHARACTER SET utf8 */;

USE `code_generate`;

/*Table structure for table `child_template` */

DROP TABLE IF EXISTS `child_template`;

CREATE TABLE `child_template` (
  `id` bigint(20) NOT NULL COMMENT '序号，主键',
  `parent_template_id` bigint(20) DEFAULT NULL COMMENT '父模版ID',
  `child_template_id` bigint(20) DEFAULT NULL COMMENT '子模版ID',
  `status` char(1) DEFAULT NULL COMMENT '状态，0：启用，1：禁用',
  `create_date` datetime DEFAULT NULL COMMENT '创建时间',
  `update_date` datetime DEFAULT NULL COMMENT '修改时间',
  `create_user_id` bigint(20) DEFAULT NULL COMMENT '创建用户ID',
  PRIMARY KEY (`id`)
) ENGINE=InnoDB DEFAULT CHARSET=utf8 COMMENT='子模版';

/*Data for the table `child_template` */

/*Table structure for table `code_context` */

DROP TABLE IF EXISTS `code_context`;

CREATE TABLE `code_context` (
  `id` bigint(20) NOT NULL COMMENT '序号，主键',
  `code_id` bigint(20) DEFAULT NULL COMMENT '代码生成ID',
  `context_id` bigint(20) DEFAULT NULL COMMENT '所使用的上下文ID',
  `instance_id` bigint(20) DEFAULT NULL COMMENT '所使用的上下文实例ID',
  `create_date` datetime DEFAULT NULL COMMENT '创建时间',
  PRIMARY KEY (`id`)
) ENGINE=InnoDB DEFAULT CHARSET=utf8 COMMENT='生成代码所使用的上下文';

/*Data for the table `code_context` */

/*Table structure for table `code_generate` */

DROP TABLE IF EXISTS `code_generate`;

CREATE TABLE `code_generate` (
  `id` bigint(20) NOT NULL COMMENT '序号，主键',
  `template_id` bigint(20) DEFAULT NULL COMMENT '模版ID',
  `code_path` varchar(200) DEFAULT NULL COMMENT '生成的代码路径',
  `code_size` bigint(20) DEFAULT NULL COMMENT '代码文件大小，单位B',
  `create_date` datetime DEFAULT NULL COMMENT '创建时间',
  `create_user_id` bigint(20) DEFAULT NULL COMMENT '创建用户ID',
  `code_file_name` varchar(100) DEFAULT NULL COMMENT '代码文件名称',
  PRIMARY KEY (`id`)
) ENGINE=InnoDB DEFAULT CHARSET=utf8 COMMENT='代码生成记录';

/*Data for the table `code_generate` */

insert  into `code_generate`(`id`,`template_id`,`code_path`,`code_size`,`create_date`,`create_user_id`,`code_file_name`) values (273038217434062848,272786007689080832,'20190124\\273038217354371072.zip',326,'2019-01-24 10:36:23',272760432455241728,'freemarker-袁根平生成代码'),(273040310349815808,272763643324977152,'20190124\\273040310127517696.zip',11101,'2019-01-24 10:44:42',272760432455241728,'mvc模版-刘烨生成代码'),(275037409207435264,272785764822102016,'20190129\\275037409043857408.zip',13838,'2019-01-29 23:00:28',270231848523984896,'mvc模版-叶期发生成代码'),(281454878831431680,281452922415108096,'20190216/281454878793682944.zip',14061,'2019-02-16 16:01:12',272760496451932160,'工具分类表生成代码'),(281463409714417664,281452922415108096,'20190216/281463409676668928.zip',14499,'2019-02-16 16:35:06',272760496451932160,'工具表生成代码');

/*Table structure for table `context` */

DROP TABLE IF EXISTS `context`;

CREATE TABLE `context` (
  `id` bigint(20) NOT NULL COMMENT '序号，主键',
  `class_name` varchar(200) NOT NULL COMMENT '全类名',
  `param_class_name` varchar(200) NOT NULL COMMENT '上下文参数全类名',
  `context_name` varchar(50) NOT NULL COMMENT '上下文名称',
  `context_desc` varchar(400) DEFAULT NULL COMMENT '描述',
  `status` char(1) NOT NULL COMMENT '状态，0：禁用，1启用',
  `create_date` datetime DEFAULT NULL COMMENT '创建时间',
  `update_date` datetime DEFAULT NULL COMMENT '修改时间',
  `order_num` int(11) DEFAULT NULL COMMENT '排序号',
  `create_user_id` bigint(20) DEFAULT NULL COMMENT '创建用户ID',
  PRIMARY KEY (`id`)
) ENGINE=InnoDB DEFAULT CHARSET=utf8 COMMENT='上下文实现配置';

/*Data for the table `context` */

insert  into `context`(`id`,`class_name`,`param_class_name`,`context_name`,`context_desc`,`status`,`create_date`,`update_date`,`order_num`,`create_user_id`) values (267255049444339712,'com.chengxuunion.generator.component.context.basic.service.BasicDataContext','com.chengxuunion.generator.component.context.basic.model.BasicContextParam','基础上下文','基础上下文实现，包含作者、版本号信息','1','2019-01-08 11:36:09','2019-01-11 15:44:24',10,270222414519996416),(267308384591310848,'com.chengxuunion.generator.component.context.database.service.DataBaseDataContext','com.chengxuunion.generator.component.context.database.model.DataBaseContextParam','数据库表描述上下文','数据库表描述上下文实现，提供数据库表、字段描述信息，字段get/set方法等','1','2019-01-08 15:08:05','2019-01-23 16:34:09',20,270222414519996416);

/*Table structure for table `context_param` */

DROP TABLE IF EXISTS `context_param`;

CREATE TABLE `context_param` (
  `id` bigint(20) NOT NULL COMMENT '序号，主键',
  `context_id` bigint(20) DEFAULT NULL COMMENT '上下文ID',
  `param_name` varchar(50) NOT NULL COMMENT '参数名称',
  `param_code` varchar(40) DEFAULT NULL COMMENT '参数标识',
  `param_default_value` varchar(2000) DEFAULT NULL COMMENT '参数默认值',
  `param_type` char(1) DEFAULT NULL COMMENT '参数类型，1：字符串，2：数值，3：数组',
  `param_desc` varchar(400) DEFAULT NULL COMMENT '参数描述',
  `required` char(1) DEFAULT NULL COMMENT '是否必填，1：必填，0:可选',
  `status` char(1) DEFAULT NULL COMMENT '状态，0：禁用，1：启用',
  `create_date` datetime DEFAULT NULL COMMENT '创建时间',
  `update_date` datetime DEFAULT NULL COMMENT '修改时间',
  `order_num` int(11) DEFAULT NULL COMMENT '排序号',
  `create_user_id` bigint(20) DEFAULT NULL COMMENT '创建用户ID',
  PRIMARY KEY (`id`)
) ENGINE=InnoDB DEFAULT CHARSET=utf8 COMMENT='上下文参数';

/*Data for the table `context_param` */

insert  into `context_param`(`id`,`context_id`,`param_name`,`param_code`,`param_default_value`,`param_type`,`param_desc`,`required`,`status`,`create_date`,`update_date`,`order_num`,`create_user_id`) values (267332592788230144,267255049444339712,'作者','author','youpanpan','1','注释中的作者名称',NULL,'1','2019-01-08 16:44:16','2019-01-08 16:54:45',10,270222414519996416),(267335453462941696,267255049444339712,'版本号','version','1.0','1','项目版本号',NULL,'1','2019-01-08 16:55:38','2019-01-09 11:46:41',20,270222414519996416),(267335654357520384,267308384591310848,'数据库驱动类','driverClassName','com.mysql.jdbc.Driver','1','数据库驱动类',NULL,'1','2019-01-08 16:56:26','2019-01-08 16:56:26',10,270222414519996416),(267336003654963200,267308384591310848,'数据库连接地址','url','jdbc:mysql://localhost:3306/','1','数据库连接地址，不包含数据库',NULL,'1','2019-01-08 16:57:50','2019-01-08 16:57:50',20,270222414519996416),(267336151705505792,267308384591310848,'数据库连接用户名','userName','root','1','数据库连接用户名',NULL,'1','2019-01-08 16:58:25','2019-01-08 16:58:25',30,270222414519996416),(267336263559204864,267308384591310848,'数据库连接密码','password','root','1','数据库连接密码',NULL,'1','2019-01-08 16:58:52','2019-01-08 16:58:52',40,270222414519996416),(267336800908267520,267308384591310848,'数据库名称','databaseName',NULL,'1','数据库名称',NULL,'1','2019-01-08 17:01:00','2019-01-08 17:01:00',50,270222414519996416),(267337281621643264,267308384591310848,'表名','tableName',NULL,'1','表名',NULL,'1','2019-01-08 17:02:54','2019-01-08 17:02:54',60,270222414519996416),(267337603274428416,267308384591310848,'基础包名','basePackageName','com.chengxuunion','1','基础包名',NULL,'1','2019-01-08 17:04:11','2019-01-08 17:04:11',70,270222414519996416);

/*Table structure for table `context_param_instance` */

DROP TABLE IF EXISTS `context_param_instance`;

CREATE TABLE `context_param_instance` (
  `id` bigint(20) NOT NULL COMMENT '序号，主键',
  `context_id` bigint(20) DEFAULT NULL COMMENT '上下文ID',
  `instance_name` varchar(50) DEFAULT NULL COMMENT '实例名称',
  `instance_desc` varchar(400) DEFAULT NULL COMMENT '实例描述',
  `status` char(1) DEFAULT NULL COMMENT '状态，0：禁用，1：启用',
  `create_date` datetime DEFAULT NULL COMMENT '创建时间',
  `update_date` datetime DEFAULT NULL COMMENT '修改时间',
  `order_num` int(11) DEFAULT NULL COMMENT '排序号',
  `create_user_id` bigint(20) DEFAULT NULL COMMENT '创建用户ID',
  `open_type` char(1) DEFAULT NULL COMMENT '开放类型，0：私有，1：项目组公开',
  PRIMARY KEY (`id`)
) ENGINE=InnoDB DEFAULT CHARSET=utf8 COMMENT='上下文参数配置实例';

/*Data for the table `context_param_instance` */

insert  into `context_param_instance`(`id`,`context_id`,`instance_name`,`instance_desc`,`status`,`create_date`,`update_date`,`order_num`,`create_user_id`,`open_type`) values (273030465961951232,267255049444339712,'袁根平-基础上下文',NULL,'1','2019-01-24 10:05:35','2019-01-24 10:16:37',10,272760432455241728,'0'),(273031884026773504,267308384591310848,'用户系统-刘烨',NULL,'1','2019-01-24 10:11:13','2019-01-24 10:11:13',10,270231924226977792,'1'),(273043062752763904,267255049444339712,'基础上下文-刘烨',NULL,'1','2019-01-24 10:55:39','2019-01-24 10:55:39',10,270231924226977792,'0'),(281453157036085248,267308384591310848,'云工具数据库表实例','云工具数据库表实例','1','2019-02-16 15:54:22','2019-02-16 15:54:22',10,272760496451932160,'1');

/*Table structure for table `context_param_value` */

DROP TABLE IF EXISTS `context_param_value`;

CREATE TABLE `context_param_value` (
  `id` bigint(20) NOT NULL COMMENT '序号，主键',
  `instance_id` bigint(20) DEFAULT NULL COMMENT '参数配置实例ID',
  `param_id` bigint(20) DEFAULT NULL COMMENT '参数ID',
  `param_value` varchar(2000) DEFAULT NULL COMMENT '参数值',
  `create_date` datetime DEFAULT NULL COMMENT '创建时间',
  `update_date` datetime DEFAULT NULL COMMENT '修改I时间',
  `create_user_id` bigint(20) DEFAULT NULL COMMENT '创建用户ID',
  PRIMARY KEY (`id`)
) ENGINE=InnoDB DEFAULT CHARSET=utf8 COMMENT='上下参数实例配置值';

/*Data for the table `context_param_value` */

insert  into `context_param_value`(`id`,`instance_id`,`param_id`,`param_value`,`create_date`,`update_date`,`create_user_id`) values (273030466008088576,273030465961951232,267332592788230144,'袁根平','2019-01-24 10:05:35','2019-01-24 10:35:59',272760432455241728),(273030466008088577,273030465961951232,267335453462941696,'1.0','2019-01-24 10:05:35','2019-01-24 10:35:59',272760432455241728),(273031884043550720,273031884026773504,267335654357520384,'com.mysql.jdbc.Driver','2019-01-24 10:11:13','2019-01-24 10:19:54',270231924226977792),(273031884043550721,273031884026773504,267336003654963200,'jdbc:mysql://localhost:3306/','2019-01-24 10:11:13','2019-01-24 10:19:54',270231924226977792),(273031884043550722,273031884026773504,267336151705505792,'root','2019-01-24 10:11:13','2019-01-24 10:19:54',270231924226977792),(273031884043550723,273031884026773504,267336263559204864,'root','2019-01-24 10:11:13','2019-01-24 10:19:54',270231924226977792),(273031884043550724,273031884026773504,267336800908267520,'user','2019-01-24 10:11:13','2019-01-24 10:19:54',270231924226977792),(273031884043550725,273031884026773504,267337281621643264,'user','2019-01-24 10:11:13','2019-01-24 10:19:54',270231924226977792),(273031884043550726,273031884026773504,267337603274428416,'com.chengxuunion','2019-01-24 10:11:13','2019-01-24 10:19:54',270231924226977792),(273043062928924672,273043062752763904,267332592788230144,'刘烨','2019-01-24 10:55:39','2019-01-24 10:57:23',270231924226977792),(273043062928924673,273043062752763904,267335453462941696,'1.0','2019-01-24 10:55:39','2019-01-24 10:57:23',270231924226977792),(281453157052862464,281453157036085248,267335654357520384,'com.mysql.jdbc.Driver','2019-02-16 15:54:22','2019-02-16 15:55:10',272760496451932160),(281453157052862465,281453157036085248,267336003654963200,'jdbc:mysql://localhost:3306/','2019-02-16 15:54:22','2019-02-16 15:55:10',272760496451932160),(281453157052862466,281453157036085248,267336151705505792,'root','2019-02-16 15:54:22','2019-02-16 15:55:10',272760496451932160),(281453157052862467,281453157036085248,267336263559204864,'123456','2019-02-16 15:54:22','2019-02-16 15:55:10',272760496451932160),(281453157052862468,281453157036085248,267336800908267520,'cloud_tool','2019-02-16 15:54:22','2019-02-16 15:55:10',272760496451932160),(281453157052862469,281453157036085248,267337281621643264,NULL,'2019-02-16 15:54:22','2019-02-16 15:55:10',272760496451932160),(281453157052862470,281453157036085248,267337603274428416,'com.chengxuunion.cloudtool.business','2019-02-16 15:54:22','2019-02-16 15:55:10',272760496451932160);

/*Table structure for table `engine` */

DROP TABLE IF EXISTS `engine`;

CREATE TABLE `engine` (
  `id` bigint(20) NOT NULL COMMENT '序号，主键',
  `class_name` varchar(200) NOT NULL COMMENT '模版引擎全类名',
  `engine_name` varchar(50) NOT NULL COMMENT '模版引擎名称',
  `engine_desc` varchar(400) DEFAULT NULL COMMENT '模版引擎描述',
  `status` char(1) DEFAULT NULL COMMENT '状态，0：禁用，1：启用',
  `create_date` datetime DEFAULT NULL COMMENT '创建时间',
  `update_date` datetime DEFAULT NULL COMMENT '修改时间',
  `order_num` int(11) DEFAULT NULL COMMENT '排序号',
  `create_user_id` bigint(20) DEFAULT NULL COMMENT '创建用户ID',
  PRIMARY KEY (`id`)
) ENGINE=InnoDB DEFAULT CHARSET=utf8 COMMENT='模版解析引擎';

/*Data for the table `engine` */

insert  into `engine`(`id`,`class_name`,`engine_name`,`engine_desc`,`status`,`create_date`,`update_date`,`order_num`,`create_user_id`) values (269765678046121984,'com.chengxuunion.generator.component.engine.impl.ThymeleafEngineClient','Thymeleaf','Thymeleaf解析引擎解析模版','1','2019-01-15 09:52:29','2019-01-23 16:42:17',10,270222414519996416),(272691385303126016,'com.chengxuunion.generator.component.engine.impl.FreeMarkerEngineClient','FreeMarker','FreeMarker模版引擎','1','2019-01-23 11:38:12','2019-01-23 11:38:12',20,270222414519996416);

/*Table structure for table `project` */

DROP TABLE IF EXISTS `project`;

CREATE TABLE `project` (
  `id` bigint(20) NOT NULL COMMENT '序号，主键',
  `project_name` varchar(100) DEFAULT NULL COMMENT '项目名称',
  `project_desc` varchar(400) DEFAULT NULL COMMENT '项目描述',
  `create_date` datetime DEFAULT NULL COMMENT '创建时间',
  `update_date` datetime DEFAULT NULL COMMENT '修改时间',
  `create_user_id` bigint(20) DEFAULT NULL COMMENT '创建人',
  `status` char(1) DEFAULT NULL COMMENT '状态，0：禁用，1：启用',
  PRIMARY KEY (`id`)
) ENGINE=InnoDB DEFAULT CHARSET=utf8 COMMENT='项目组';

/*Data for the table `project` */

insert  into `project`(`id`,`project_name`,`project_desc`,`create_date`,`update_date`,`create_user_id`,`status`) values (270556770034991104,'多对多后台管理系统','多对多后台管理系统','2019-01-17 14:16:00','2019-01-17 14:20:12',270231848523984896,'1'),(270558800950542336,'用户终端管理系统','用户终端管理系统','2019-01-17 14:24:04','2019-01-17 14:24:04',270231848523984896,'1'),(281452447452123136,'云工具','在线工具网站','2019-02-16 15:51:33','2019-02-16 15:51:33',270222414519996416,'1');

/*Table structure for table `role` */

DROP TABLE IF EXISTS `role`;

CREATE TABLE `role` (
  `id` bigint(20) NOT NULL COMMENT '序号，主键',
  `role_code` varchar(50) DEFAULT NULL COMMENT '角色标识符',
  `role_name` varchar(50) DEFAULT NULL COMMENT '角色名称',
  `role_desc` varchar(400) DEFAULT NULL COMMENT '角色描述',
  `create_date` datetime DEFAULT NULL COMMENT '创建时间',
  `update_date` datetime DEFAULT NULL COMMENT '修改时间',
  `create_user_id` bigint(20) DEFAULT NULL COMMENT '创建人',
  PRIMARY KEY (`id`)
) ENGINE=InnoDB DEFAULT CHARSET=utf8 COMMENT='角色';

/*Data for the table `role` */

insert  into `role`(`id`,`role_code`,`role_name`,`role_desc`,`create_date`,`update_date`,`create_user_id`) values (270238115263029248,'admin','系统管理员','最高权限','2019-01-16 17:09:47','2019-01-16 17:12:21',270222414519996416),(270240043166474240,'project','项目管理员','所有项目及成员管理','2019-01-16 17:17:27','2019-01-23 16:20:10',270222414519996416),(270240164440580096,'developer','开发人员','技术人员','2019-01-16 17:17:56','2019-01-16 17:17:56',270222414519996416);

/*Table structure for table `role_url` */

DROP TABLE IF EXISTS `role_url`;

CREATE TABLE `role_url` (
  `id` bigint(20) NOT NULL COMMENT '序号，主键',
  `role_id` bigint(20) DEFAULT NULL COMMENT '角色ID',
  `url_id` bigint(20) DEFAULT NULL COMMENT 'URL ID',
  `create_date` datetime DEFAULT NULL COMMENT '创建时间',
  `create_user_id` bigint(20) DEFAULT NULL COMMENT '创建用户ID',
  PRIMARY KEY (`id`)
) ENGINE=InnoDB DEFAULT CHARSET=utf8 COMMENT='角色URL';

/*Data for the table `role_url` */

insert  into `role_url`(`id`,`role_id`,`url_id`,`create_date`,`create_user_id`) values (280829160149692416,270238115263029248,273056985409646592,'2019-02-14 22:34:49',NULL),(280829160149692417,270238115263029248,280824497631342592,'2019-02-14 22:34:49',NULL),(280829160149692418,270238115263029248,280824579860672512,'2019-02-14 22:34:49',NULL),(280829160149692419,270238115263029248,272301080837726208,'2019-02-14 22:34:49',NULL),(280829160149692420,270238115263029248,272301254620323840,'2019-02-14 22:34:49',NULL),(280829160149692421,270238115263029248,272301555532275712,'2019-02-14 22:34:49',NULL),(280829160149692422,270238115263029248,272301393095270400,'2019-02-14 22:34:49',NULL),(280829160149692423,270238115263029248,272301666387730432,'2019-02-14 22:34:49',NULL),(280829160149692424,270238115263029248,272302022467362816,'2019-02-14 22:34:49',NULL),(280829160149692425,270238115263029248,272302183478304768,'2019-02-14 22:34:49',NULL),(280829160149692426,270238115263029248,270490867155505152,'2019-02-14 22:34:49',NULL),(280829160149692427,270238115263029248,270498930109353984,'2019-02-14 22:34:49',NULL),(280829160149692428,270238115263029248,272299572092051456,'2019-02-14 22:34:49',NULL),(280829160149692429,270238115263029248,280819564429389824,'2019-02-14 22:34:49',NULL),(280829160149692430,270238115263029248,270501663004594176,'2019-02-14 22:34:49',NULL),(280829160149692431,270238115263029248,272298075254005760,'2019-02-14 22:34:49',NULL),(280829160149692432,270238115263029248,272298197509578752,'2019-02-14 22:34:49',NULL),(280829160149692433,270238115263029248,272298368326803456,'2019-02-14 22:34:49',NULL),(280829160149692434,270238115263029248,272298575919685632,'2019-02-14 22:34:49',NULL),(280829160149692435,270238115263029248,272298823450730496,'2019-02-14 22:34:49',NULL),(280829160149692436,270238115263029248,272299128779284480,'2019-02-14 22:34:49',NULL),(280829160149692437,270238115263029248,272299254029590528,'2019-02-14 22:34:49',NULL),(280829160149692438,270238115263029248,280822807062589440,'2019-02-14 22:34:49',NULL),(280829160149692439,270238115263029248,280828890179121152,'2019-02-14 22:34:49',NULL),(280829160149692440,270238115263029248,270501368505733120,'2019-02-14 22:34:49',NULL),(280829160149692441,270238115263029248,270501808232370176,'2019-02-14 22:34:49',NULL),(280829160149692442,270238115263029248,272299971972800512,'2019-02-14 22:34:49',NULL),(280829160149692443,270238115263029248,270501949425225728,'2019-02-14 22:34:49',NULL),(280829160149692444,270238115263029248,272300101601959936,'2019-02-14 22:34:49',NULL),(280829160149692445,270238115263029248,272300294242148352,'2019-02-14 22:34:49',NULL),(280829160149692446,270238115263029248,272300430670274560,'2019-02-14 22:34:49',NULL),(280829160149692447,270238115263029248,272300590183849984,'2019-02-14 22:34:49',NULL),(280829160149692448,270238115263029248,272300705715953664,'2019-02-14 22:34:49',NULL),(280829160149692449,270238115263029248,270512266892627968,'2019-02-14 22:34:49',NULL),(280829160149692450,270238115263029248,270512374661074944,'2019-02-14 22:34:49',NULL),(280829160149692451,270238115263029248,280819876963758080,'2019-02-14 22:34:49',NULL),(280829160149692452,270238115263029248,280819954877149184,'2019-02-14 22:34:49',NULL),(280829160149692453,270238115263029248,280820025479868416,'2019-02-14 22:34:49',NULL),(280829160149692454,270238115263029248,280820127833468928,'2019-02-14 22:34:49',NULL),(280829160149692455,270238115263029248,280820237447409664,'2019-02-14 22:34:49',NULL),(280829160149692456,270238115263029248,280820323690688512,'2019-02-14 22:34:49',NULL),(280829160149692457,270238115263029248,280820419295653888,'2019-02-14 22:34:49',NULL),(280829160149692458,270238115263029248,280820501466263552,'2019-02-14 22:34:49',NULL),(280829160149692459,270238115263029248,270512500083347456,'2019-02-14 22:34:49',NULL),(280829160149692460,270238115263029248,280820707826020352,'2019-02-14 22:34:49',NULL),(280829160149692461,270238115263029248,280820841947279360,'2019-02-14 22:34:49',NULL),(280829160149692462,270238115263029248,280820916417146880,'2019-02-14 22:34:49',NULL),(280829160149692463,270238115263029248,280821028115656704,'2019-02-14 22:34:49',NULL),(280829160149692464,270238115263029248,280821123380883456,'2019-02-14 22:34:49',NULL),(280829160149692465,270238115263029248,280821228028768256,'2019-02-14 22:34:49',NULL),(280829160149692466,270238115263029248,280821329124077568,'2019-02-14 22:34:49',NULL),(280829160149692467,270238115263029248,280821418739576832,'2019-02-14 22:34:49',NULL),(280829160149692468,270238115263029248,270512606899687424,'2019-02-14 22:34:49',NULL),(280829160149692469,270238115263029248,280821573593280512,'2019-02-14 22:34:49',NULL),(280829160149692470,270238115263029248,280821657810710528,'2019-02-14 22:34:49',NULL),(280829160149692471,270238115263029248,280821869761474560,'2019-02-14 22:34:49',NULL),(280829160149692472,270238115263029248,280821962333958144,'2019-02-14 22:34:49',NULL),(280829160149692473,270238115263029248,280822054780612608,'2019-02-14 22:34:49',NULL),(280829160149692474,270238115263029248,280822150305886208,'2019-02-14 22:34:49',NULL),(280829160149692475,270238115263029248,280822266714599424,'2019-02-14 22:34:49',NULL),(280829160149692476,270238115263029248,280823048516087808,'2019-02-14 22:34:49',NULL),(280829160149692477,270238115263029248,280823260739481600,'2019-02-14 22:34:49',NULL),(280829160149692478,270238115263029248,280823380591718400,'2019-02-14 22:34:49',NULL),(280829160149692479,270238115263029248,270512704106876928,'2019-02-14 22:34:49',NULL),(280829160149692480,270238115263029248,272312711143796736,'2019-02-14 22:34:49',NULL),(280829160149692481,270238115263029248,280823615988641792,'2019-02-14 22:34:49',NULL),(280829160149692482,270238115263029248,280823679435878400,'2019-02-14 22:34:49',NULL),(280829160149692483,270238115263029248,280823755432472576,'2019-02-14 22:34:49',NULL),(280829160149692484,270238115263029248,280823837833768960,'2019-02-14 22:34:49',NULL),(280829160149692485,270238115263029248,280823915189317632,'2019-02-14 22:34:49',NULL),(280829160149692486,270238115263029248,280824004318277632,'2019-02-14 22:34:49',NULL),(280829160149692487,270238115263029248,280824084987326464,'2019-02-14 22:34:49',NULL),(280829160149692488,270238115263029248,280824196857802752,'2019-02-14 22:34:49',NULL),(280829160149692489,270238115263029248,270512783886733312,'2019-02-14 22:34:49',NULL),(280829160149692490,270238115263029248,270512875897180160,'2019-02-14 22:34:49',NULL),(280829160149692491,270238115263029248,280824832789786624,'2019-02-14 22:34:49',NULL),(280829160149692492,270238115263029248,280824896937472000,'2019-02-14 22:34:49',NULL),(280829160149692493,270238115263029248,270513172799377408,'2019-02-14 22:34:49',NULL),(280829160149692494,270238115263029248,280824983889588224,'2019-02-14 22:34:49',NULL),(280829160149692495,270238115263029248,280825070875258880,'2019-02-14 22:34:49',NULL),(280829160149692496,270238115263029248,280825153255583744,'2019-02-14 22:34:49',NULL),(280829160149692497,270238115263029248,280825292586168320,'2019-02-14 22:34:49',NULL),(280829160149692498,270238115263029248,280825375012630528,'2019-02-14 22:34:49',NULL),(280829160149692499,270238115263029248,280825473650077696,'2019-02-14 22:34:49',NULL),(280829160149692500,270238115263029248,280825567770259456,'2019-02-14 22:34:49',NULL),(280829160149692501,270238115263029248,280825667108155392,'2019-02-14 22:34:49',NULL),(280829160149692502,270238115263029248,280828279039668224,'2019-02-14 22:34:49',NULL),(280829160149692503,270238115263029248,280828436099575808,'2019-02-14 22:34:49',NULL),(280829160149692504,270238115263029248,280828599270584320,'2019-02-14 22:34:49',NULL),(280829160149692505,270238115263029248,280828680539418624,'2019-02-14 22:34:49',NULL),(280829160149692506,270238115263029248,270512948940984320,'2019-02-14 22:34:49',NULL),(280829160149692507,270238115263029248,280825793780330496,'2019-02-14 22:34:49',NULL),(280829160149692508,270238115263029248,280825857118515200,'2019-02-14 22:34:49',NULL),(280829160149692509,270238115263029248,280825915624861696,'2019-02-14 22:34:49',NULL),(280829160149692510,270238115263029248,280825988630917120,'2019-02-14 22:34:49',NULL),(280829160149692511,270238115263029248,280826639146496000,'2019-02-14 22:34:49',NULL),(280829160149692512,270238115263029248,280826697698979840,'2019-02-14 22:34:49',NULL),(280829160149692513,270238115263029248,280826781815746560,'2019-02-14 22:34:49',NULL),(280829160149692514,270238115263029248,280826886555906048,'2019-02-14 22:34:49',NULL),(280829160149692515,270238115263029248,280827870862585856,'2019-02-14 22:34:49',NULL),(280829160149692516,270238115263029248,280828027620503552,'2019-02-14 22:34:49',NULL),(280829160149692517,270238115263029248,270513030553751552,'2019-02-14 22:34:49',NULL),(280829160149692518,270238115263029248,280827047369715712,'2019-02-14 22:34:49',NULL),(280829160149692519,270238115263029248,280827105817341952,'2019-02-14 22:34:49',NULL),(280829160149692520,270238115263029248,280827209630560256,'2019-02-14 22:34:49',NULL),(280829160149692521,270238115263029248,280827274482888704,'2019-02-14 22:34:49',NULL),(280829160149692522,270238115263029248,280827350852775936,'2019-02-14 22:34:49',NULL),(280829160149692523,270238115263029248,280827455475494912,'2019-02-14 22:34:49',NULL),(280829160149692524,270238115263029248,280827520889860096,'2019-02-14 22:34:49',NULL),(280829160149692525,270238115263029248,280827614024380416,'2019-02-14 22:34:49',NULL),(280829160149692526,270238115263029248,280827682928406528,'2019-02-14 22:34:49',NULL),(280832304564953088,270240043166474240,273056985409646592,'2019-02-14 22:47:19',NULL),(280832304564953089,270240043166474240,280824497631342592,'2019-02-14 22:47:19',NULL),(280832304564953090,270240043166474240,280824579860672512,'2019-02-14 22:47:19',NULL),(280832304564953091,270240043166474240,272301080837726208,'2019-02-14 22:47:19',NULL),(280832304564953092,270240043166474240,272301254620323840,'2019-02-14 22:47:19',NULL),(280832304564953093,270240043166474240,272301555532275712,'2019-02-14 22:47:19',NULL),(280832304564953094,270240043166474240,272301393095270400,'2019-02-14 22:47:19',NULL),(280832304564953095,270240043166474240,272301666387730432,'2019-02-14 22:47:19',NULL),(280832304564953096,270240043166474240,272302022467362816,'2019-02-14 22:47:19',NULL),(280832304564953097,270240043166474240,272302183478304768,'2019-02-14 22:47:19',NULL),(280832304564953098,270240043166474240,270490867155505152,'2019-02-14 22:47:19',NULL),(280832304564953099,270240043166474240,270498930109353984,'2019-02-14 22:47:19',NULL),(280832304564953100,270240043166474240,272299572092051456,'2019-02-14 22:47:19',NULL),(280832304564953101,270240043166474240,280819564429389824,'2019-02-14 22:47:19',NULL),(280832304564953102,270240043166474240,270501663004594176,'2019-02-14 22:47:19',NULL),(280832304564953103,270240043166474240,272298075254005760,'2019-02-14 22:47:19',NULL),(280832304564953104,270240043166474240,272298197509578752,'2019-02-14 22:47:19',NULL),(280832304564953105,270240043166474240,272298368326803456,'2019-02-14 22:47:19',NULL),(280832304564953106,270240043166474240,272298575919685632,'2019-02-14 22:47:19',NULL),(280832304564953107,270240043166474240,272298823450730496,'2019-02-14 22:47:19',NULL),(280832304564953108,270240043166474240,272299128779284480,'2019-02-14 22:47:19',NULL),(280832304564953109,270240043166474240,272299254029590528,'2019-02-14 22:47:19',NULL),(280832304564953110,270240043166474240,280822807062589440,'2019-02-14 22:47:19',NULL),(280832304564953111,270240043166474240,280828890179121152,'2019-02-14 22:47:19',NULL),(280832304564953112,270240043166474240,272299971972800512,'2019-02-14 22:47:19',NULL),(280832304564953113,270240043166474240,280819876963758080,'2019-02-14 22:47:19',NULL),(280832304564953114,270240043166474240,280819954877149184,'2019-02-14 22:47:19',NULL),(280832304564953115,270240043166474240,280820841947279360,'2019-02-14 22:47:19',NULL),(280832304564953116,270240043166474240,270512606899687424,'2019-02-14 22:47:19',NULL),(280832304564953117,270240043166474240,280821573593280512,'2019-02-14 22:47:19',NULL),(280832304564953118,270240043166474240,280821657810710528,'2019-02-14 22:47:19',NULL),(280832304564953119,270240043166474240,280821869761474560,'2019-02-14 22:47:19',NULL),(280832304564953120,270240043166474240,280821962333958144,'2019-02-14 22:47:19',NULL),(280832304564953121,270240043166474240,280822054780612608,'2019-02-14 22:47:19',NULL),(280832304564953122,270240043166474240,280822150305886208,'2019-02-14 22:47:19',NULL),(280832304564953123,270240043166474240,280822266714599424,'2019-02-14 22:47:19',NULL),(280832304564953124,270240043166474240,280823048516087808,'2019-02-14 22:47:19',NULL),(280832304564953125,270240043166474240,280823260739481600,'2019-02-14 22:47:19',NULL),(280832304564953126,270240043166474240,280823380591718400,'2019-02-14 22:47:19',NULL),(280832304564953127,270240043166474240,270512704106876928,'2019-02-14 22:47:19',NULL),(280832304564953128,270240043166474240,272312711143796736,'2019-02-14 22:47:19',NULL),(280832304564953129,270240043166474240,280823615988641792,'2019-02-14 22:47:19',NULL),(280832304564953130,270240043166474240,280823679435878400,'2019-02-14 22:47:19',NULL),(280832304564953131,270240043166474240,280823755432472576,'2019-02-14 22:47:19',NULL),(280832304564953132,270240043166474240,280823837833768960,'2019-02-14 22:47:19',NULL),(280832304564953133,270240043166474240,280823915189317632,'2019-02-14 22:47:19',NULL),(280832304564953134,270240043166474240,280824004318277632,'2019-02-14 22:47:19',NULL),(280832304564953135,270240043166474240,280824084987326464,'2019-02-14 22:47:19',NULL),(280832304564953136,270240043166474240,280824196857802752,'2019-02-14 22:47:19',NULL),(280832304564953137,270240043166474240,270512783886733312,'2019-02-14 22:47:19',NULL),(280832304564953138,270240043166474240,270512875897180160,'2019-02-14 22:47:19',NULL),(280832304564953139,270240043166474240,280824832789786624,'2019-02-14 22:47:19',NULL),(280832304564953140,270240043166474240,280824896937472000,'2019-02-14 22:47:19',NULL),(280832304564953141,270240043166474240,270513172799377408,'2019-02-14 22:47:19',NULL),(280832304564953142,270240043166474240,280824983889588224,'2019-02-14 22:47:19',NULL),(280832304564953143,270240043166474240,280825070875258880,'2019-02-14 22:47:19',NULL),(280832304564953144,270240043166474240,280825153255583744,'2019-02-14 22:47:19',NULL),(280832304564953145,270240043166474240,280825292586168320,'2019-02-14 22:47:19',NULL),(280832304564953146,270240043166474240,280825375012630528,'2019-02-14 22:47:19',NULL),(280832304564953147,270240043166474240,280825473650077696,'2019-02-14 22:47:19',NULL),(280832304564953148,270240043166474240,280825567770259456,'2019-02-14 22:47:19',NULL),(280832304564953149,270240043166474240,280825667108155392,'2019-02-14 22:47:19',NULL),(280832304564953150,270240043166474240,280828279039668224,'2019-02-14 22:47:19',NULL),(280832304564953151,270240043166474240,280828436099575808,'2019-02-14 22:47:19',NULL),(280832304564953152,270240043166474240,280828599270584320,'2019-02-14 22:47:19',NULL),(280832304564953153,270240043166474240,280828680539418624,'2019-02-14 22:47:19',NULL),(280832304564953154,270240043166474240,280825793780330496,'2019-02-14 22:47:19',NULL),(280832304564953155,270240043166474240,280825857118515200,'2019-02-14 22:47:19',NULL),(280832846670356480,270240164440580096,273056985409646592,'2019-02-14 22:49:28',NULL),(280832846670356481,270240164440580096,280824497631342592,'2019-02-14 22:49:28',NULL),(280832846670356482,270240164440580096,280824579860672512,'2019-02-14 22:49:28',NULL),(280832846670356483,270240164440580096,272301080837726208,'2019-02-14 22:49:28',NULL),(280832846670356484,270240164440580096,272301254620323840,'2019-02-14 22:49:28',NULL),(280832846670356485,270240164440580096,272301555532275712,'2019-02-14 22:49:28',NULL),(280832846670356486,270240164440580096,272301393095270400,'2019-02-14 22:49:28',NULL),(280832846670356487,270240164440580096,272301666387730432,'2019-02-14 22:49:28',NULL),(280832846670356488,270240164440580096,272302022467362816,'2019-02-14 22:49:28',NULL),(280832846670356489,270240164440580096,272302183478304768,'2019-02-14 22:49:28',NULL),(280832846670356490,270240164440580096,270490867155505152,'2019-02-14 22:49:28',NULL),(280832846670356491,270240164440580096,270498930109353984,'2019-02-14 22:49:28',NULL),(280832846670356492,270240164440580096,272299572092051456,'2019-02-14 22:49:28',NULL),(280832846670356493,270240164440580096,280819564429389824,'2019-02-14 22:49:28',NULL),(280832846670356494,270240164440580096,270501663004594176,'2019-02-14 22:49:28',NULL),(280832846670356495,270240164440580096,272298075254005760,'2019-02-14 22:49:28',NULL),(280832846670356496,270240164440580096,272298197509578752,'2019-02-14 22:49:28',NULL),(280832846670356497,270240164440580096,272298368326803456,'2019-02-14 22:49:28',NULL),(280832846670356498,270240164440580096,272298575919685632,'2019-02-14 22:49:28',NULL),(280832846670356499,270240164440580096,272298823450730496,'2019-02-14 22:49:28',NULL),(280832846670356500,270240164440580096,272299128779284480,'2019-02-14 22:49:28',NULL),(280832846670356501,270240164440580096,272299254029590528,'2019-02-14 22:49:28',NULL),(280832846670356502,270240164440580096,280822807062589440,'2019-02-14 22:49:28',NULL),(280832846670356503,270240164440580096,280828890179121152,'2019-02-14 22:49:28',NULL),(280832846670356504,270240164440580096,272299971972800512,'2019-02-14 22:49:28',NULL),(280832846670356505,270240164440580096,270512266892627968,'2019-02-14 22:49:28',NULL),(280832846670356506,270240164440580096,280819876963758080,'2019-02-14 22:49:28',NULL),(280832846670356507,270240164440580096,280819954877149184,'2019-02-14 22:49:28',NULL),(280832846670356508,270240164440580096,280820707826020352,'2019-02-14 22:49:28',NULL),(280832846670356509,270240164440580096,280820841947279360,'2019-02-14 22:49:28',NULL),(280832846670356510,270240164440580096,270512606899687424,'2019-02-14 22:49:28',NULL),(280832846670356511,270240164440580096,280821573593280512,'2019-02-14 22:49:28',NULL),(280832846670356512,270240164440580096,280821657810710528,'2019-02-14 22:49:28',NULL),(280832846670356513,270240164440580096,280821869761474560,'2019-02-14 22:49:28',NULL),(280832846670356514,270240164440580096,280821962333958144,'2019-02-14 22:49:28',NULL),(280832846670356515,270240164440580096,280822054780612608,'2019-02-14 22:49:28',NULL),(280832846670356516,270240164440580096,280822150305886208,'2019-02-14 22:49:28',NULL),(280832846670356517,270240164440580096,280822266714599424,'2019-02-14 22:49:28',NULL),(280832846670356518,270240164440580096,280823048516087808,'2019-02-14 22:49:28',NULL),(280832846670356519,270240164440580096,280823260739481600,'2019-02-14 22:49:28',NULL),(280832846670356520,270240164440580096,280823380591718400,'2019-02-14 22:49:28',NULL),(280832846670356521,270240164440580096,280825667108155392,'2019-02-14 22:49:28',NULL);

/*Table structure for table `template` */

DROP TABLE IF EXISTS `template`;

CREATE TABLE `template` (
  `id` bigint(20) NOT NULL COMMENT '序号，主键',
  `template_name` varchar(50) DEFAULT NULL COMMENT '模版名称',
  `template_desc` varchar(400) DEFAULT NULL COMMENT '模版描述',
  `template_type` char(1) DEFAULT NULL COMMENT '模版类型，1：单模版，组合模版',
  `template_path` varchar(200) DEFAULT NULL COMMENT '模版文件路径',
  `template_file_name` varchar(200) DEFAULT NULL COMMENT '模版文件名',
  `template_file_size` varchar(200) DEFAULT NULL COMMENT '模版文件大小，单位B',
  `status` char(1) DEFAULT NULL COMMENT '状态，0：禁用，1：启用',
  `create_date` datetime DEFAULT NULL COMMENT '创建时间',
  `update_date` datetime DEFAULT NULL COMMENT '修改时间',
  `order_num` int(11) DEFAULT NULL COMMENT '排序号',
  `engine_id` bigint(20) DEFAULT NULL COMMENT '模版引擎ID',
  `create_user_id` bigint(20) DEFAULT NULL COMMENT '创建用户ID',
  `open_type` char(1) DEFAULT NULL COMMENT '开放类型，0：私有，1：项目组公开',
  PRIMARY KEY (`id`)
) ENGINE=InnoDB DEFAULT CHARSET=utf8 COMMENT='模版';

/*Data for the table `template` */

insert  into `template`(`id`,`template_name`,`template_desc`,`template_type`,`template_path`,`template_file_name`,`template_file_size`,`status`,`create_date`,`update_date`,`order_num`,`engine_id`,`create_user_id`,`open_type`) values (272763643324977152,'mvc模版-刘烨','mvc模版','1','20190123/27276364294748979220190123162520182.zip','mvc.zip','11951','1','2019-01-23 16:25:20','2019-01-23 16:26:25',10,269765678046121984,270231924226977792,'1'),(272763824837677056,'freemark-刘烨','freemarker模版','1','20190123/27276382461537894420190123162603495.zip','freemark.zip','367','1','2019-01-23 16:26:03','2019-01-23 17:51:39',20,272691385303126016,270231924226977792,'1'),(272785764822102016,'mvc模版-叶期发',NULL,'1','20190129/27503703195915059220190129225858360.zip','前后端模版.zip','11951','1','2019-01-23 17:53:14','2019-01-29 22:58:58',20,269765678046121984,270231848523984896,'1'),(272786007689080832,'freemarker-袁根平',NULL,'1','20190123/27278600745419980820190123175412296.zip','freemark.zip','367','1','2019-01-23 17:54:12','2019-01-24 09:42:50',10,272691385303126016,272760432455241728,'0'),(272788162626007040,'mvc模版-袁根平',NULL,'1','20190123/27278816213107916820190123180246011.zip','mvc.zip','11951','0','2019-01-23 18:02:46','2019-01-24 09:51:24',10,269765678046121984,272760432455241728,'1'),(281452922415108096,'云工具-mvc模版-陈飞','云工具项目mvc模版','1','20190216/28145608306644172820190216160559404.zip','mvc模版.zip','17472','1','2019-02-16 15:53:26','2019-02-16 16:05:59',10,269765678046121984,272760496451932160,'0');

/*Table structure for table `template_context` */

DROP TABLE IF EXISTS `template_context`;

CREATE TABLE `template_context` (
  `id` bigint(20) NOT NULL COMMENT '序号，主键',
  `template_id` bigint(20) DEFAULT NULL COMMENT '模版ID',
  `context_id` bigint(20) DEFAULT NULL COMMENT '上下文ID',
  `create_date` datetime DEFAULT NULL COMMENT '创建时间',
  `create_user_id` bigint(20) DEFAULT NULL COMMENT '创建用户ID',
  PRIMARY KEY (`id`)
) ENGINE=InnoDB DEFAULT CHARSET=utf8 COMMENT='模版依赖的上下文';

/*Data for the table `template_context` */

insert  into `template_context`(`id`,`template_id`,`context_id`,`create_date`,`create_user_id`) values (272763824837677057,272763824837677056,267308384591310848,'2019-01-23 16:26:03',270231924226977792),(272763824837677058,272763824837677056,267255049444339712,'2019-01-23 16:26:03',270231924226977792),(272763914943909888,272763643324977152,267255049444339712,'2019-01-23 16:26:25',NULL),(272763914943909889,272763643324977152,267308384591310848,'2019-01-23 16:26:25',NULL),(272789667936964608,272788162626007040,267255049444339712,'2019-01-23 18:08:45',NULL),(272789667936964609,272788162626007040,267308384591310848,'2019-01-23 18:08:45',NULL),(273024739667267584,272786007689080832,267255049444339712,'2019-01-24 09:42:50',NULL),(273024739667267585,272786007689080832,267308384591310848,'2019-01-24 09:42:50',NULL),(275037032168865792,272785764822102016,267255049444339712,'2019-01-29 22:58:58',NULL),(275037032168865793,272785764822102016,267308384591310848,'2019-01-29 22:58:58',NULL),(281456083150327808,281452922415108096,267255049444339712,'2019-02-16 16:05:59',NULL),(281456083150327809,281452922415108096,267308384591310848,'2019-02-16 16:05:59',NULL);

/*Table structure for table `url` */

DROP TABLE IF EXISTS `url`;

CREATE TABLE `url` (
  `id` bigint(20) NOT NULL COMMENT '序号，主键',
  `url_name` varchar(50) DEFAULT NULL COMMENT 'URL名称',
  `url` varchar(200) DEFAULT NULL COMMENT 'URL地址',
  `method` varchar(20) DEFAULT NULL COMMENT '请求方法，GET/POST/PUT/DELETE',
  `menu` char(1) DEFAULT NULL COMMENT '是否菜单，0：否，1：是',
  `icon` varchar(100) DEFAULT NULL COMMENT '图标',
  `parent_id` bigint(20) DEFAULT NULL COMMENT '父链接地址ID',
  `status` char(1) DEFAULT NULL COMMENT '是否启用，0：禁用，1：启用',
  `create_date` datetime DEFAULT NULL COMMENT '创建时间',
  `update_date` datetime DEFAULT NULL COMMENT '修改时间',
  `order_num` int(11) DEFAULT NULL COMMENT '排序号',
  `create_user_id` bigint(20) DEFAULT NULL COMMENT '创建用户ID',
  `url_name_english` varchar(100) DEFAULT NULL COMMENT 'URL英文名称',
  PRIMARY KEY (`id`)
) ENGINE=InnoDB DEFAULT CHARSET=utf8 COMMENT='系统URL';

/*Data for the table `url` */

insert  into `url`(`id`,`url_name`,`url`,`method`,`menu`,`icon`,`parent_id`,`status`,`create_date`,`update_date`,`order_num`,`create_user_id`,`url_name_english`) values (270490867155505152,'模版管理','#','GET','1',NULL,NULL,'1','2019-01-17 09:54:08','2019-01-24 11:49:43',20,270222414519996416,'Template'),(270498930109353984,'模版管理','/template/manager','GET','1',NULL,270490867155505152,'1','2019-01-17 10:26:10','2019-01-24 11:44:54',10,270222414519996416,'Template Management'),(270501368505733120,'模版引擎管理','#','GET','1',NULL,NULL,'1','2019-01-17 10:35:51','2019-01-24 11:45:08',30,270222414519996416,'Template Engine'),(270501663004594176,'新增模版页','/template/manager/add','GET','0',NULL,270498930109353984,'1','2019-01-17 10:37:02','2019-01-22 09:35:00',10,270222414519996416,NULL),(270501808232370176,'模版引擎管理','/engine/manager','GET','1',NULL,270501368505733120,'1','2019-01-17 10:37:36','2019-01-24 11:45:16',10,270222414519996416,'Template Engine'),(270501949425225728,'新增模版引擎页','/engine/manager/add','GET','0',NULL,270501808232370176,'1','2019-01-17 10:38:10','2019-01-22 09:40:29',10,270222414519996416,NULL),(270512266892627968,'上下文管理','#','GET','1',NULL,NULL,'1','2019-01-17 11:19:10','2019-01-24 11:49:35',40,270222414519996416,'Context'),(270512374661074944,'上下文实现配置','/context/manager','GET','1',NULL,270512266892627968,'1','2019-01-17 11:19:35','2019-01-24 11:45:34',10,270222414519996416,'Context Management'),(270512500083347456,'上下文参数配置','/contextparam/manager','GET','1',NULL,270512266892627968,'1','2019-01-17 11:20:05','2019-01-24 11:45:58',20,270222414519996416,'Context Param'),(270512606899687424,'上下文参数实例管理','/contextparaminstance/manager','GET','1',NULL,270512266892627968,'1','2019-01-17 11:20:31','2019-01-24 11:45:54',30,270222414519996416,'Context Param Instance'),(270512704106876928,'项目管理','#','GET','1','fa  fa-product-hunt',NULL,'1','2019-01-17 11:20:54','2019-01-24 11:46:07',50,270222414519996416,'Project'),(270512783886733312,'权限管理','#','GET','1',NULL,NULL,'1','2019-01-17 11:21:13','2019-01-24 11:46:25',60,270222414519996416,'Authorization'),(270512875897180160,'用户管理','/user/manager','GET','1',NULL,270512783886733312,'1','2019-01-17 11:21:35','2019-01-24 11:46:31',10,270222414519996416,'User'),(270512948940984320,'角色管理','/role/manager','GET','1',NULL,270512783886733312,'1','2019-01-17 11:21:52','2019-01-24 11:46:36',20,270222414519996416,'Role'),(270513030553751552,'URL管理','/url/manager','GET','1',NULL,270512783886733312,'1','2019-01-17 11:22:12','2019-01-24 11:46:41',30,270222414519996416,'URL'),(270513172799377408,'新增用户页','/user/manager/add','GET','0',NULL,270512875897180160,'1','2019-01-17 11:22:46','2019-02-14 22:17:11',30,270222414519996416,NULL),(272298075254005760,'新增模版操作','/template/manager/do-add','POST','0',NULL,270498930109353984,'1','2019-01-22 09:35:20','2019-01-22 09:35:20',20,270222414519996416,NULL),(272298197509578752,'修改模版页','/template/manager/update/{id}','GET','0',NULL,270498930109353984,'1','2019-01-22 09:35:49','2019-01-22 09:38:32',30,270222414519996416,NULL),(272298368326803456,'修改模版操作','/template/manager/do-update','PUT','0',NULL,270498930109353984,'1','2019-01-22 09:36:30','2019-01-22 09:36:30',40,270222414519996416,NULL),(272298575919685632,'删除模版操作','/template/manager/delete/{id}','DELETE','0',NULL,270498930109353984,'1','2019-01-22 09:37:19','2019-01-22 09:38:54',50,270222414519996416,NULL),(272298823450730496,'模版详情页','/template/manager/detail/{id}','GET','0',NULL,270498930109353984,'1','2019-01-22 09:38:18','2019-01-22 09:38:18',60,270222414519996416,NULL),(272299128779284480,'上传模版文件','/template/manager/upload','POST','0',NULL,270498930109353984,'1','2019-01-22 09:39:31','2019-01-22 09:39:31',70,270222414519996416,NULL),(272299254029590528,'下载模版文件','/template/manager/download/{id}','GET','0',NULL,270498930109353984,'1','2019-01-22 09:40:01','2019-01-22 09:40:01',80,270222414519996416,NULL),(272299572092051456,'查询模版列表','/template/manager/list','GET','0',NULL,270498930109353984,'1','2019-01-22 09:41:17','2019-01-22 09:41:17',5,270222414519996416,NULL),(272299971972800512,'查询模版引擎列表','/engine/manager/list','GET','0',NULL,270501808232370176,'1','2019-01-22 09:42:52','2019-01-22 09:42:52',5,270222414519996416,NULL),(272300101601959936,'新增模版引擎操作','/engine/manager/do-add','POST','0',NULL,270501808232370176,'1','2019-01-22 09:43:23','2019-01-22 09:43:30',20,270222414519996416,NULL),(272300294242148352,'修改模版引擎页','/engine/manager/update/{id}','GET','0',NULL,270501808232370176,'1','2019-01-22 09:44:09','2019-01-22 09:44:09',30,270222414519996416,NULL),(272300430670274560,'修改模版引擎操作','/engine/manager/do-update','PUT','0',NULL,270501808232370176,'1','2019-01-22 09:44:41','2019-01-22 09:44:41',40,270222414519996416,NULL),(272300590183849984,'删除模版引擎操作','/engine/manager/delete/{id}','DELETE','0',NULL,270501808232370176,'1','2019-01-22 09:45:19','2019-01-22 09:45:19',50,270222414519996416,NULL),(272300705715953664,'模版引擎详情页','/engine/manager/detail/{id}','GET','0',NULL,270501808232370176,'1','2019-01-22 09:45:47','2019-01-22 09:45:47',60,270222414519996416,NULL),(272301080837726208,'代码生成','#','GET','1','fa fa-code',NULL,'1','2019-01-22 09:47:16','2019-01-24 11:44:05',10,270222414519996416,'Code Generate'),(272301254620323840,'代码生成','/codegenerate/manager/generate','GET','1',NULL,272301080837726208,'1','2019-01-22 09:47:58','2019-01-24 11:44:22',10,270222414519996416,'Code Generate'),(272301393095270400,'代码生成记录','/codegenerate/manager','GET','1',NULL,272301080837726208,'1','2019-01-22 09:48:31','2019-01-24 11:44:32',20,270222414519996416,'Code Record'),(272301555532275712,'代码生成操作','/codegenerate/manager/do-generate','POST','0',NULL,272301254620323840,'1','2019-01-22 09:49:09','2019-01-22 09:49:09',10,270222414519996416,NULL),(272301666387730432,'查询代码生成记录列表','/codegenerate/manager/list','GET','0',NULL,272301393095270400,'1','2019-01-22 09:49:36','2019-01-22 09:49:36',10,270222414519996416,NULL),(272302022467362816,'删除代码生成记录操作','/codegenerate/manager/delete/{id}','DELETE','0',NULL,272301393095270400,'1','2019-01-22 09:51:01','2019-01-22 09:51:01',20,270222414519996416,NULL),(272302183478304768,'下载代码','/codegenerate/manager/download/{id}','GET','0',NULL,272301393095270400,'1','2019-01-22 09:51:39','2019-01-22 09:51:39',30,270222414519996416,NULL),(272312711143796736,'项目管理','/project/manager','GET','1',NULL,270512704106876928,'1','2019-01-22 10:33:29','2019-01-24 11:46:13',10,270222414519996416,'Project'),(273056985409646592,'面板','/','GET','1','fa fa-tachometer',NULL,'1','2019-01-24 11:50:58','2019-01-24 13:29:54',5,270222414519996416,'Dashboard'),(280819564429389824,'模版选择页','/template/manager/listselect','GET','0',NULL,270498930109353984,'1','2019-02-14 21:56:42','2019-02-14 21:56:42',6,270222414519996416,NULL),(280819876963758080,'上下文查询','/context/manager/list','GET','0',NULL,270512374661074944,'1','2019-02-14 21:57:56','2019-02-14 21:57:56',10,270222414519996416,NULL),(280819954877149184,'上下文选择','/context/manager/listselect','GET','0',NULL,270512374661074944,'1','2019-02-14 21:58:15','2019-02-14 21:58:15',20,270222414519996416,NULL),(280820025479868416,'新增上下文页','/context/manager/add','GET','0',NULL,270512374661074944,'1','2019-02-14 21:58:31','2019-02-14 21:58:31',30,270222414519996416,NULL),(280820127833468928,'新增上下文操作','/context/manager/do-add','POST','0',NULL,270512374661074944,'1','2019-02-14 21:58:56','2019-02-14 21:58:56',40,270222414519996416,NULL),(280820237447409664,'修改上下文页','/context/manager/update/{id}','GET','0',NULL,270512374661074944,'1','2019-02-14 21:59:22','2019-02-14 21:59:22',50,270222414519996416,NULL),(280820323690688512,'修改上下文操作','/context/manager/do-update','PUT','0',NULL,270512374661074944,'1','2019-02-14 21:59:43','2019-02-14 21:59:43',60,270222414519996416,NULL),(280820419295653888,'删除上下文','/context/manager/delete/{id}','DELETE','0',NULL,270512374661074944,'1','2019-02-14 22:00:05','2019-02-14 22:00:05',70,270222414519996416,NULL),(280820501466263552,'上下文详情','/context/manager/detail/{id}','GET','0',NULL,270512374661074944,'1','2019-02-14 22:00:25','2019-02-14 22:00:25',80,270222414519996416,NULL),(280820707826020352,'上下文参数列表查询','/contextparam/manager/list','GET','0',NULL,270512500083347456,'1','2019-02-14 22:01:14','2019-02-14 22:01:14',10,270222414519996416,NULL),(280820841947279360,'指定上下文参数查询','/contextparam/manager/list/{contextId}','GET','0',NULL,270512500083347456,'1','2019-02-14 22:01:46','2019-02-14 22:01:46',20,270222414519996416,NULL),(280820916417146880,'新增上下文参数页','/contextparam/manager/add','GET','0',NULL,270512500083347456,'1','2019-02-14 22:02:04','2019-02-14 22:02:04',30,270222414519996416,NULL),(280821028115656704,'新增上下文参数操作','/contextparam/manager/do-add','POST','0',NULL,270512500083347456,'1','2019-02-14 22:02:31','2019-02-14 22:02:31',40,270222414519996416,NULL),(280821123380883456,'修改上下文参数页','/contextparam/manager/update/{id}','GET','0',NULL,270512500083347456,'1','2019-02-14 22:02:53','2019-02-14 22:02:53',50,270222414519996416,NULL),(280821228028768256,'修改上下文参数操作','/contextparam/manager/do-update','PUT','0',NULL,270512500083347456,'1','2019-02-14 22:03:18','2019-02-14 22:03:18',60,270222414519996416,NULL),(280821329124077568,'删除上下文参数','/contextparam/manager/delete/{id}','DELETE','0',NULL,270512500083347456,'1','2019-02-14 22:03:42','2019-02-14 22:03:42',70,270222414519996416,NULL),(280821418739576832,'上下文参数详情','/contextparam/manager/detail/{id}','GET','0',NULL,270512500083347456,'1','2019-02-14 22:04:04','2019-02-14 22:04:04',80,270222414519996416,NULL),(280821573593280512,'查询上下文参数实例','/contextparaminstance/manager/list','GET','0',NULL,270512606899687424,'1','2019-02-14 22:04:41','2019-02-14 22:04:41',10,270222414519996416,NULL),(280821657810710528,'新增上下文参数实例页','/contextparaminstance/manager/add','GET','0',NULL,270512606899687424,'1','2019-02-14 22:05:01','2019-02-14 22:05:01',20,270222414519996416,NULL),(280821869761474560,'新增上下文参数实例操作','/contextparaminstance/manager/do-add','POST','0',NULL,270512606899687424,'1','2019-02-14 22:05:51','2019-02-14 22:05:51',30,270222414519996416,NULL),(280821962333958144,'修改上下文参数实例页','/contextparaminstance/manager/update/{id}','GET','0',NULL,270512606899687424,'1','2019-02-14 22:06:13','2019-02-14 22:06:13',40,270222414519996416,NULL),(280822054780612608,'修改上下文参数实例操作','/contextparaminstance/manager/do-update','PUT','0',NULL,270512606899687424,'1','2019-02-14 22:06:35','2019-02-14 22:06:35',50,270222414519996416,NULL),(280822150305886208,'删除上下文参数实例','/contextparaminstance/manager/delete/{id}','DELETE','0',NULL,270512606899687424,'1','2019-02-14 22:06:58','2019-02-14 22:06:58',60,270222414519996416,NULL),(280822266714599424,'上下文参数实例详情','/contextparaminstance/manager/detail/{id}','GET','0',NULL,270512606899687424,'1','2019-02-14 22:07:26','2019-02-14 22:07:26',70,270222414519996416,NULL),(280822807062589440,'查询模版上下文列表','/templatecontext/manager/list/{templateId}','GET','0',NULL,270498930109353984,'1','2019-02-14 22:09:35','2019-02-14 22:09:35',90,270222414519996416,NULL),(280823048516087808,'查询上下文参数实例值列表','/contextparamvalue/manager/list/{contextId}/{instanceId}','GET','0',NULL,270512606899687424,'1','2019-02-14 22:10:32','2019-02-14 22:10:32',80,270222414519996416,NULL),(280823260739481600,'查询上下文参数实例值详情页','/contextparamvalue/manager/listdetail/{contextId}/{instanceId}','GET','0',NULL,270512606899687424,'1','2019-02-14 22:11:23','2019-02-14 22:11:23',90,270222414519996416,NULL),(280823380591718400,'新增参数实例值操作','/contextparamvalue/manager/do-save','POST','0',NULL,270512606899687424,'1','2019-02-14 22:11:51','2019-02-14 22:11:51',100,270222414519996416,NULL),(280823615988641792,'查询项目列表','/project/manager/list','GET','0',NULL,272312711143796736,'1','2019-02-14 22:12:48','2019-02-14 22:12:48',10,270222414519996416,NULL),(280823679435878400,'新增项目页','/project/manager/add','GET','0',NULL,272312711143796736,'1','2019-02-14 22:13:03','2019-02-14 22:13:03',20,270222414519996416,NULL),(280823755432472576,'新增项目操作','/project/manager/do-add','POST','0',NULL,272312711143796736,'1','2019-02-14 22:13:21','2019-02-14 22:13:21',30,270222414519996416,NULL),(280823837833768960,'修改项目页','/project/manager/update/{id}','GET','0',NULL,272312711143796736,'1','2019-02-14 22:13:40','2019-02-14 22:13:40',40,270222414519996416,NULL),(280823915189317632,'修改项目操作','/project/manager/do-update','PUT','0',NULL,272312711143796736,'1','2019-02-14 22:13:59','2019-02-14 22:13:59',50,270222414519996416,NULL),(280824004318277632,'删除项目','/project/manager/delete/{id}','DELETE','0',NULL,272312711143796736,'1','2019-02-14 22:14:20','2019-02-14 22:14:20',60,270222414519996416,NULL),(280824084987326464,'项目详情页','/project/manager/detail/{id}','GET','0',NULL,272312711143796736,'1','2019-02-14 22:14:39','2019-02-14 22:14:39',70,270222414519996416,NULL),(280824196857802752,'管理项目用户页','/project/manager/manager-user/{id}','GET','0',NULL,272312711143796736,'1','2019-02-14 22:15:06','2019-02-14 22:15:06',80,270222414519996416,NULL),(280824497631342592,'数量统计','/get-number-statistics','GET','0',NULL,273056985409646592,'1','2019-02-14 22:16:18','2019-02-14 22:16:18',10,270222414519996416,NULL),(280824579860672512,'代码量统计','/get-code-number','GET','0',NULL,273056985409646592,'1','2019-02-14 22:16:37','2019-02-14 22:16:37',20,270222414519996416,NULL),(280824832789786624,'用户选择页','/user/manager/listselect','GET','0',NULL,270512875897180160,'1','2019-02-14 22:17:38','2019-02-14 22:17:38',10,270222414519996416,NULL),(280824896937472000,'查询用户列表','/user/manager/list','GET','0',NULL,270512875897180160,'1','2019-02-14 22:17:53','2019-02-14 22:17:53',20,270222414519996416,NULL),(280824983889588224,'新增用户操作','/user/manager/do-add','POST','0',NULL,270512875897180160,'1','2019-02-14 22:18:14','2019-02-14 22:18:14',40,270222414519996416,NULL),(280825070875258880,'修改用户页','/user/manager/update/{id}','GET','0',NULL,270512875897180160,'1','2019-02-14 22:18:34','2019-02-14 22:18:34',50,270222414519996416,NULL),(280825153255583744,'修改用户操作','/user/manager/do-update','PUT','0',NULL,270512875897180160,'1','2019-02-14 22:18:54','2019-02-14 22:18:54',60,270222414519996416,NULL),(280825292586168320,'重置用户密码','/user/manager/reset-password/{id}','PUT','0',NULL,270512875897180160,'1','2019-02-14 22:19:27','2019-02-14 22:19:27',70,270222414519996416,NULL),(280825375012630528,'删除用户','/user/manager/delete/{id}','DELETE','0',NULL,270512875897180160,'1','2019-02-14 22:19:47','2019-02-14 22:19:47',80,270222414519996416,NULL),(280825473650077696,'用户详情页','/user/manager/detail/{id}','GET','0',NULL,270512875897180160,'1','2019-02-14 22:20:10','2019-02-14 22:20:10',90,270222414519996416,NULL),(280825567770259456,'上传用户头像','/user/manager/upload','POST','0',NULL,270512875897180160,'1','2019-02-14 22:20:33','2019-02-14 22:20:33',100,270222414519996416,NULL),(280825667108155392,'下载用户头像','/user/manager/download/{id}','GET','0',NULL,270512875897180160,'1','2019-02-14 22:20:57','2019-02-14 22:20:57',110,270222414519996416,NULL),(280825793780330496,'角色选择页','/role/manager/listselect','GET','0',NULL,270512948940984320,'1','2019-02-14 22:21:27','2019-02-14 22:21:27',10,270222414519996416,NULL),(280825857118515200,'查询角色列表','/role/manager/list','GET','0',NULL,270512948940984320,'1','2019-02-14 22:21:42','2019-02-14 22:21:42',20,270222414519996416,NULL),(280825915624861696,'新增角色页','/role/manager/add','GET','0',NULL,270512948940984320,'1','2019-02-14 22:21:56','2019-02-14 22:21:56',30,270222414519996416,NULL),(280825988630917120,'新增角色操作','/role/manager/do-add','POST','0',NULL,270512948940984320,'1','2019-02-14 22:22:13','2019-02-14 22:22:13',40,270222414519996416,NULL),(280826639146496000,'修改角色页','/role/manager/update/{id}','GET','0',NULL,270512948940984320,'1','2019-02-14 22:24:48','2019-02-14 22:24:48',50,270222414519996416,NULL),(280826697698979840,'修改角色操作','/role/manager/do-update','PUT','0',NULL,270512948940984320,'1','2019-02-14 22:25:02','2019-02-14 22:25:02',60,270222414519996416,NULL),(280826781815746560,'删除角色','/role/manager/delete/{id}','DELETE','0',NULL,270512948940984320,'1','2019-02-14 22:25:22','2019-02-14 22:25:22',70,270222414519996416,NULL),(280826886555906048,'角色详情页','/role/manager/detail/{id}','GET','0',NULL,270512948940984320,'1','2019-02-14 22:25:47','2019-02-14 22:25:47',80,270222414519996416,NULL),(280827047369715712,'URL选择页','/url/manager/treeselect','GET','0',NULL,270513030553751552,'1','2019-02-14 22:26:26','2019-02-14 22:26:26',10,270222414519996416,NULL),(280827105817341952,'查询URL列表','/url/manager/list','GET','0',NULL,270513030553751552,'1','2019-02-14 22:26:40','2019-02-14 22:26:40',20,270222414519996416,NULL),(280827209630560256,'查询所有URL','/url/manager/list-all','GET','0',NULL,270513030553751552,'1','2019-02-14 22:27:04','2019-02-14 22:27:04',30,270222414519996416,NULL),(280827274482888704,'新增URL页','/url/manager/add','GET','0',NULL,270513030553751552,'1','2019-02-14 22:27:20','2019-02-14 22:27:20',40,270222414519996416,NULL),(280827350852775936,'新增URL操作','/url/manager/do-add','POST','0',NULL,270513030553751552,'1','2019-02-14 22:27:38','2019-02-14 22:27:38',50,270222414519996416,NULL),(280827455475494912,'修改URL页','/url/manager/update/{id}','GET','0',NULL,270513030553751552,'1','2019-02-14 22:28:03','2019-02-14 22:28:03',60,270222414519996416,NULL),(280827520889860096,'修改URL操作','/url/manager/do-update','PUT','0',NULL,270513030553751552,'1','2019-02-14 22:28:19','2019-02-14 22:28:19',70,270222414519996416,NULL),(280827614024380416,'删除URL','/url/manager/delete/{id}','DELETE','0',NULL,270513030553751552,'1','2019-02-14 22:28:41','2019-02-14 22:28:41',80,270222414519996416,NULL),(280827682928406528,'URL详情页','/url/manager/detail/{id}','GET','0',NULL,270513030553751552,'1','2019-02-14 22:28:57','2019-02-14 22:28:57',90,270222414519996416,NULL),(280827870862585856,'查询角色URL列表','/roleurl/manager/list/{roleId}','GET','0',NULL,270512948940984320,'1','2019-02-14 22:29:42','2019-02-14 22:29:42',90,270222414519996416,NULL),(280828027620503552,'保存角色URL','/roleurl/manager/do-save','POST','0',NULL,270512948940984320,'1','2019-02-14 22:30:19','2019-02-14 22:30:19',100,270222414519996416,NULL),(280828279039668224,'查询用户项目列表','/userproject/manager/list/{projectId}','GET','0',NULL,270512875897180160,'1','2019-02-14 22:31:19','2019-02-14 22:31:19',120,270222414519996416,NULL),(280828436099575808,'保存用户项目','/userproject/manager/do-save','POST','0',NULL,270512875897180160,'1','2019-02-14 22:31:57','2019-02-14 22:31:57',130,270222414519996416,NULL),(280828599270584320,'查询用户角色列表','/userrole/manager/list/{userId}','GET','0',NULL,270512875897180160,'1','2019-02-14 22:32:36','2019-02-14 22:32:36',140,270222414519996416,NULL),(280828680539418624,'保存用户角色','/userrole/manager/do-save','POST','0',NULL,270512875897180160,'1','2019-02-14 22:32:55','2019-02-14 22:32:55',150,270222414519996416,NULL),(280828890179121152,'查询子模版列表','/childtemplate/manager/list/{parentTemplateId}','GET','0',NULL,270498930109353984,'1','2019-02-14 22:33:45','2019-02-14 22:33:45',100,270222414519996416,NULL);

/*Table structure for table `user` */

DROP TABLE IF EXISTS `user`;

CREATE TABLE `user` (
  `id` bigint(20) NOT NULL COMMENT '序号，主键',
  `user_name` varchar(50) DEFAULT NULL COMMENT '用户名',
  `email` varchar(100) DEFAULT NULL COMMENT '注册邮箱',
  `password` varchar(50) DEFAULT NULL COMMENT '密码',
  `head_photo` varchar(200) DEFAULT NULL COMMENT '用户头像路径',
  `create_date` datetime DEFAULT NULL COMMENT '创建时间',
  `update_date` datetime DEFAULT NULL COMMENT '修改时间',
  `status` char(1) DEFAULT NULL COMMENT '状态，0：禁用，1：启用',
  PRIMARY KEY (`id`)
) ENGINE=InnoDB DEFAULT CHARSET=utf8 COMMENT='用户';

/*Data for the table `user` */

insert  into `user`(`id`,`user_name`,`email`,`password`,`head_photo`,`create_date`,`update_date`,`status`) values (270222414519996416,'游盼盼','992425124@qq.com','e10adc3949ba59abbe56e057f20f883e','20190215/28107361473975500820190215144611849.png','2019-01-16 16:07:24','2019-02-15 14:46:12','1'),(270231848523984896,'叶期发','3534543@qq.com','e10adc3949ba59abbe56e057f20f883e','20190116\\270231848570122240.png','2019-01-16 16:44:53','2019-01-16 16:44:53','1'),(270231924226977792,'刘烨','838534534@qq.com','e10adc3949ba59abbe56e057f20f883e','20190116\\270231924226977793.png','2019-01-16 16:45:11','2019-01-16 16:45:11','1'),(272760432455241728,'袁根平','45645645@qq.com','e10adc3949ba59abbe56e057f20f883e','20190216/28145229672142028820190216155056669.png','2019-01-23 16:12:34','2019-02-16 15:50:57','1'),(272760496451932160,'陈飞','33433335@qq.com','e10adc3949ba59abbe56e057f20f883e','20190123\\272760496451932161.png','2019-01-23 16:12:49','2019-01-23 16:12:49','1');

/*Table structure for table `user_project` */

DROP TABLE IF EXISTS `user_project`;

CREATE TABLE `user_project` (
  `id` bigint(20) NOT NULL COMMENT '序号，主键',
  `user_id` bigint(20) DEFAULT NULL COMMENT '用户ID',
  `project_id` bigint(20) DEFAULT NULL COMMENT '项目ID',
  `admin` char(1) DEFAULT NULL COMMENT '是否项目组管理员',
  `create_date` datetime DEFAULT NULL COMMENT '创建时间',
  `update_date` datetime DEFAULT NULL COMMENT '修改时间',
  `create_user_id` bigint(20) DEFAULT NULL COMMENT '创建人',
  PRIMARY KEY (`id`)
) ENGINE=InnoDB DEFAULT CHARSET=utf8 COMMENT='用户项目组';

/*Data for the table `user_project` */

insert  into `user_project`(`id`,`user_id`,`project_id`,`admin`,`create_date`,`update_date`,`create_user_id`) values (272761505265930240,270231924226977792,270558800950542336,'0','2019-01-23 16:16:50','2019-01-23 16:16:50',270222414519996416),(272761505265930241,272760432455241728,270558800950542336,'1','2019-01-23 16:16:50','2019-01-23 16:16:50',270222414519996416),(273014774437007360,270231924226977792,270556770034991104,'1','2019-01-24 09:03:14','2019-01-24 09:03:14',270222414519996416),(273014774437007361,270231848523984896,270556770034991104,'0','2019-01-24 09:03:14','2019-01-24 09:03:14',270222414519996416),(273014774437007362,272760496451932160,270556770034991104,'0','2019-01-24 09:03:14','2019-01-24 09:03:14',270222414519996416),(281452480876531712,272760496451932160,281452447452123136,'0','2019-02-16 15:51:41','2019-02-16 15:51:41',270222414519996416);

/*Table structure for table `user_role` */

DROP TABLE IF EXISTS `user_role`;

CREATE TABLE `user_role` (
  `id` bigint(20) NOT NULL COMMENT '序号，主键',
  `user_id` bigint(20) DEFAULT NULL COMMENT '用户ID',
  `role_id` bigint(20) DEFAULT NULL COMMENT '角色ID',
  `create_date` datetime DEFAULT NULL COMMENT '创建时间',
  `create_user_id` bigint(20) DEFAULT NULL COMMENT '创建用户ID',
  PRIMARY KEY (`id`)
) ENGINE=InnoDB DEFAULT CHARSET=utf8 COMMENT='用户角色';

/*Data for the table `user_role` */

insert  into `user_role`(`id`,`user_id`,`role_id`,`create_date`,`create_user_id`) values (272760537551917056,272760496451932160,270240164440580096,'2019-01-23 16:12:59',270222414519996416),(272760554337521664,272760432455241728,270240164440580096,'2019-01-23 16:13:03',270222414519996416),(272760585337622528,270222414519996416,270238115263029248,'2019-01-23 16:13:11',270222414519996416),(272760602723012608,270231924226977792,270240164440580096,'2019-01-23 16:13:15',270222414519996416),(272760962946617344,270231848523984896,270240043166474240,'2019-01-23 16:14:41',270222414519996416),(272760962946617345,270231848523984896,270240164440580096,'2019-01-23 16:14:41',270222414519996416);

/*Table structure for table `usertemp` */

DROP TABLE IF EXISTS `usertemp`;

CREATE TABLE `usertemp` (
  `id` bigint(20) NOT NULL COMMENT '主键',
  `age` int(11) DEFAULT NULL COMMENT '年龄',
  `name` varchar(50) DEFAULT NULL COMMENT '姓名',
  PRIMARY KEY (`id`),
  KEY `PK_ID` (`id`)
) ENGINE=InnoDB DEFAULT CHARSET=utf8 COMMENT='用户表';

/*Data for the table `usertemp` */

insert  into `usertemp`(`id`,`age`,`name`) values (268488316524388352,12,'3');

/*!40101 SET SQL_MODE=@OLD_SQL_MODE */;
/*!40014 SET FOREIGN_KEY_CHECKS=@OLD_FOREIGN_KEY_CHECKS */;
/*!40014 SET UNIQUE_CHECKS=@OLD_UNIQUE_CHECKS */;
/*!40111 SET SQL_NOTES=@OLD_SQL_NOTES */;
